filename,label,area,equivalent_diameter,centroid-0,centroid-1,area_sqmicron,eq_diam_micron
image164.png,1,18216.0,152.29357027430845,137.5,32.5,728.64,30.45871405486169
image164.png,2,17942.0,151.14385171629803,137.5,374.9963214803255,717.68,30.228770343259605
image164.png,3,2.0,1.5957691216057308,76.5,67.0,0.08,0.31915382432114614
image164.png,4,1.0,1.1283791670955126,195.0,304.0,0.04,0.22567583341910252
